relative_path,asset_class,include_status,size_bytes,sha256
.gitignore,other,supporting_documentation,210,219ee2f7b3932e8eae5d81299e4878f799600980634a048bb28f04070535bdc4
ARCHIVE_MANIFEST.csv,documentation,supporting_documentation,147834,c27fc5e087127d84a6856d54344a00cf5bd165aeea9821e329e950e2a579877b
README.md,documentation,supporting_documentation,3122,40343436dfe4b6201983789166a0fed78933efdf422508ee23100516332025ca
code/legacy/docs/DATA_DICTIONARY.md,documentation,supporting_documentation,3127,d591a25300f25232f2d680e702256537c39eed8bc35cca69bfce3f45d0fbe5a6
code/legacy/docs/PROVENANCE.md,documentation,supporting_documentation,1232,06e32bc3bdbf14f94f9a19687bd521bb3832ff8cc69e25f749367042ff210bd7
code/legacy/docs/SOURCE_POINTERS.csv,code_candidate,candidate_include_after_manifest_and_license_review,1549,9392933b718c0ccd878c30c0ffb85a8ddabed25960494f62a8a4fac7ae472b86
code/notebooks/frequency_matrix/AccessComparison_PyramidLandUse.ipynb,code_candidate,candidate_include_after_manifest_and_license_review,471810,ecc94ae6741f8422b997297e1e1cb779ade68550cf964f3e9fdacaa386baa20b
code/notebooks/frequency_matrix/AccessComparison_UniformLandUse.ipynb,code_candidate,candidate_include_after_manifest_and_license_review,906492,1291887b0b045aa7000e8b30e9a25ba8dee11f70350b6bf00b40965872523ddb
code/notebooks/frequency_matrix/AccessPerRouteKm_Uniform.ipynb,code_candidate,candidate_include_after_manifest_and_license_review,164928,73199296dafd955c90b1584767b4a58b2bc85c55c38e5b8cd21b25f19a96199a
code/notebooks/frequency_matrix/IsoAccess_Uniform.ipynb,code_candidate,candidate_include_after_manifest_and_license_review,255841,c143ae4bb7392708ae32d750e91e30ad2a75064bb71bb7cc348bd4b6591d78eb
code/notebooks/frequency_matrix/Regression.ipynb,code_candidate,candidate_include_after_manifest_and_license_review,30968,2ed2f3361c487ed3d3cd859676fb49c0981b25b44f9e9d1a567b6c0cf8f61622
code/notebooks/land_use_allocation/Aggregating_CoDesign_Projections.ipynb,code_candidate,candidate_include_after_manifest_and_license_review,45478,1112908c1f65458440fc04bb925b8beedc7188342daee7b73bda77da96b2706c
code/notebooks/land_use_allocation/Combining_CoDesign_And_ForecastID_Projections.ipynb,code_candidate,candidate_include_after_manifest_and_license_review,26869,82dbffaa61145da5ad3eafecd2d3cd76203ac2ab380b80bed3eab2a85ee2ada7
code/notebooks/land_use_allocation/Match_Fid_geographies_with_localities_split_at_LGAs.ipynb,code_candidate,candidate_include_after_manifest_and_license_review,29362,996fa7199e85a619896f420133abbb6c2d82a6b22452332dc136018e97b344d2
code/notebooks/land_use_allocation/TZ_densities.ipynb,code_candidate,candidate_include_after_manifest_and_license_review,39413,0bdbcf56c9fe5a62f1ff9f4128b132cdfdf47008db5c0927876a9ff27ee94e12
code/notebooks/land_use_allocation/Tables_for_report.ipynb,code_candidate,candidate_include_after_manifest_and_license_review,35996,f644bc2d257200ab092eda9955d30c6e10768bd9adc155be331f2ed344b3a416
code/qgis_projects/Liverpool_project-regional_map.qgz,code_candidate,candidate_include_after_manifest_and_license_review,116504,a1541e96995e50a6f3dafe75b804001a816734f91bf21132dad509ceafa9ce60
code/qgis_projects/Liverpool_project-rev02.qgz,code_candidate,candidate_include_after_manifest_and_license_review,118212,3e3c7b527228d11b50339d413fc1c4d816c6eff161b2069cc9255329621ed515
code/qgis_projects/Liverpool_project-rev03.qgz,code_candidate,candidate_include_after_manifest_and_license_review,152849,e838bcee9a5ffaedf3c72f42fe9a945f321a5e85e9592bf8afe465c6ae146492
code/qgis_projects/Liverpool_project-rev04.qgz,code_candidate,candidate_include_after_manifest_and_license_review,776400,b8eee657603a5ac55cbdc05b78c76fbb729c4d8e77baa699acef6aa3c08cd38c
code/qgis_projects/Liverpool_project.qgz,code_candidate,candidate_include_after_manifest_and_license_review,165686,fc597e5427436111f8f86e091fb7d71eec7fb0cdf8c7911d3b49c513d1f9a1ca
data/CHECKSUMS.sha256,data_candidate,candidate_include_after_manifest_and_license_review,49500,74743e0b2fe6cf974239dc7295e2a67e21baa2635093390a6bb69fc2cc4d5e94
data/access_frequency_matrix/AccessComparison_PyramidLandUse.ipynb,data_candidate,candidate_include_after_manifest_and_license_review,471810,ecc94ae6741f8422b997297e1e1cb779ade68550cf964f3e9fdacaa386baa20b
data/access_frequency_matrix/AccessComparison_UniformLandUse.ipynb,data_candidate,candidate_include_after_manifest_and_license_review,906492,1291887b0b045aa7000e8b30e9a25ba8dee11f70350b6bf00b40965872523ddb
data/access_frequency_matrix/AccessPerRouteKm_Uniform.ipynb,data_candidate,candidate_include_after_manifest_and_license_review,164928,73199296dafd955c90b1584767b4a58b2bc85c55c38e5b8cd21b25f19a96199a
data/access_frequency_matrix/Access_AllScenarios_Pyramid.csv,data_candidate,candidate_include_after_manifest_and_license_review,333896,8f1a78769f0ece63f8d1fb9175ae42061adb6eb3e8063c6ffb17b7a1eaa87b1f
data/access_frequency_matrix/Access_AllScenarios_Uniform.csv,data_candidate,candidate_include_after_manifest_and_license_review,336850,aa4b14077c9cef195885686f4923479b19d35ffa6a6c9903427e011e13cf47b4
data/access_frequency_matrix/Access_LiverpoolLGA_Uniform.csv,data_candidate,candidate_include_after_manifest_and_license_review,7903,f429862be39f1d87e1cf66398dec0ad201eb3ee83e5c443a1424743d8464e3c0
data/access_frequency_matrix/FrequencyMatrix_ByPrecinct.zip,data_candidate,candidate_include_after_manifest_and_license_review,392192,9815f10c20b7c02403353d845f17014f4c076ce4138159c34403135959648020
data/access_frequency_matrix/IsoAccess_Uniform.ipynb,data_candidate,candidate_include_after_manifest_and_license_review,255841,c143ae4bb7392708ae32d750e91e30ad2a75064bb71bb7cc348bd4b6591d78eb
data/access_frequency_matrix/PWA_Liverpool.zip,data_candidate,candidate_include_after_manifest_and_license_review,113741,a39561867950f30b5335594f55ce0410868da151c8935eb945b856dc7be36fb4
data/access_frequency_matrix/Regression.ipynb,data_candidate,candidate_include_after_manifest_and_license_review,30968,2ed2f3361c487ed3d3cd859676fb49c0981b25b44f9e9d1a567b6c0cf8f61622
data/access_frequency_matrix/TOD4_RouteLengths.csv,data_candidate,candidate_include_after_manifest_and_license_review,2446,ecdf9497f3fa87057af2baff46f31b0cd1fc314779fbfdb0cdfd9497b523a4b9
data/access_frequency_matrix/X_frequencies.csv,data_candidate,candidate_include_after_manifest_and_license_review,417,9bd858a0053054baafb77a12356fa344d40f64a83702ff609781badf79255376
data/access_outputs/aggregated_scenario_outputs/Archive/02_Grid/02_Aggregated_Grid/A_Grid_Jobs.csv,data_candidate,candidate_include_after_manifest_and_license_review,10076084,f34f3542a1c9d79bc698eeca74aa8e0d782f16f1b47045aaf9057c1f3b5db2d2
data/access_outputs/aggregated_scenario_outputs/Archive/02_Grid/02_Aggregated_Grid/T_Grid_Jobs.csv,data_candidate,candidate_include_after_manifest_and_license_review,7564404,5fdaaf0896155223a191b1357a63a35766e70110c963ba57d82c64a643467810
data/access_outputs/aggregated_scenario_outputs/Archive/02_Grid/02_Aggregated_Grid/W_Grid_Jobs.csv,data_candidate,candidate_include_after_manifest_and_license_review,7030740,b4b6536b346dba8a6297259c58837655eade696febb1250a8721ca601b5b12f8
data/access_outputs/aggregated_scenario_outputs/Archive/03_TOD1/02_Aggregated/Pyramid/A_Pyramid_Jobs.csv,data_candidate,candidate_include_after_manifest_and_license_review,860157,a7e70cb24f3ea3d47953a145f8fb55f82066bfac7ea9c28b06baca29adf70332
data/access_outputs/aggregated_scenario_outputs/Archive/03_TOD1/02_Aggregated/Pyramid/T_Pyramid_Jobs.csv,data_candidate,candidate_include_after_manifest_and_license_review,632329,1f099720231a505f9df323e359b1ff5df4cc189037155aacb86613f05caff91c
data/access_outputs/aggregated_scenario_outputs/Archive/03_TOD1/02_Aggregated/Pyramid/W_Pyramid_Jobs.csv,data_candidate,candidate_include_after_manifest_and_license_review,585877,8b69ba9f7e1ccc78d249b29ef31f213c8e35b5499b203bb316b4e6cccd552881
data/access_outputs/aggregated_scenario_outputs/Archive/03_TOD1/02_Aggregated/TOD1_Pyramid_ByPrecinct_A.csv,data_candidate,candidate_include_after_manifest_and_license_review,3343,4801c4c177c03fbbc0df42ab96cc63502c61110d6a0e986e986b1a814690053e
data/access_outputs/aggregated_scenario_outputs/Archive/03_TOD1/02_Aggregated/TOD1_Pyramid_ByPrecinct_T.csv,data_candidate,candidate_include_after_manifest_and_license_review,3320,5aceffb468b5a2a89e950a4d0c977a024ce23063320cbd8ee217ae3ebb19ac31
data/access_outputs/aggregated_scenario_outputs/Archive/03_TOD1/02_Aggregated/TOD1_Pyramid_ByPrecinct_W.csv,data_candidate,candidate_include_after_manifest_and_license_review,3323,d66e5790da701c19955b8c604e3fe36601b6a2167f400993953183d1ece394f9
data/access_outputs/aggregated_scenario_outputs/Archive/03_TOD1/02_Aggregated/TOD1_Uniform_ByPrecinct_A.csv,data_candidate,candidate_include_after_manifest_and_license_review,3347,d47f8041fbd57da7c3ef6a8efc96e46cbfd8b25f18f1857181bebdafec0f2250
data/access_outputs/aggregated_scenario_outputs/Archive/03_TOD1/02_Aggregated/TOD1_Uniform_ByPrecinct_T.csv,data_candidate,candidate_include_after_manifest_and_license_review,3317,394efdeceb05c8d63b7de7ecb06367cde4efdd6f135ae36c8b66884545cfb3ff
data/access_outputs/aggregated_scenario_outputs/Archive/03_TOD1/02_Aggregated/TOD1_Uniform_ByPrecinct_W.csv,data_candidate,candidate_include_after_manifest_and_license_review,3321,cef0ec157d45c00543677840dcb1e06c6ba5b7883442ff46d6940a44b18e8a8f
data/access_outputs/aggregated_scenario_outputs/Archive/03_TOD1/02_Aggregated/Uniform/A_Uniform_Jobs.csv,data_candidate,candidate_include_after_manifest_and_license_review,860260,75448732d7ad062caa4d2970b5db7d939cbbc0f1e111cea8b8df0bddf9b6adcd
data/access_outputs/aggregated_scenario_outputs/Archive/03_TOD1/02_Aggregated/Uniform/T_Uniform_Jobs.csv,data_candidate,candidate_include_after_manifest_and_license_review,632621,66aac8ca6c8afc905682b04fef00daad9800bcb714112f2a473d4ccd65f6d91d
data/access_outputs/aggregated_scenario_outputs/Archive/03_TOD1/02_Aggregated/Uniform/W_Uniform_Jobs.csv,data_candidate,candidate_include_after_manifest_and_license_review,587180,ea4c8e1eb80b54e439ae24731538b80a5f4ee4b1cc7aac7ba2ff9d8a783906be
data/access_outputs/aggregated_scenario_outputs/Archive/03_TOD2/02_Aggregated/Pyramid/A_Pyramid_Jobs.csv,data_candidate,candidate_include_after_manifest_and_license_review,876357,b6c9e3f11be2e9f3101e446293cfa7f332219a7f31523a477cd2c0e3e95dd61a
data/access_outputs/aggregated_scenario_outputs/Archive/03_TOD2/02_Aggregated/Pyramid/T_Pyramid_Jobs.csv,data_candidate,candidate_include_after_manifest_and_license_review,644755,738dd624ef32ae592e56ea86d6211435542c1c6e8de3e3ac5a0c866543ebaaef
data/access_outputs/aggregated_scenario_outputs/Archive/03_TOD2/02_Aggregated/Pyramid/W_Pyramid_Jobs.csv,data_candidate,candidate_include_after_manifest_and_license_review,600631,f4e366d7535746af128bd4c60aa63ba8847a04d631ec6cd0c440046611bb01e2
data/access_outputs/aggregated_scenario_outputs/Archive/03_TOD2/02_Aggregated/TOD2_Pyramid_ByPrecinct_A.csv,data_candidate,candidate_include_after_manifest_and_license_review,3364,3a5abba852ff2c03b12b8cd3afb44b0dee69073eb40a1251c616f0fce0b9069d
data/access_outputs/aggregated_scenario_outputs/Archive/03_TOD2/02_Aggregated/TOD2_Pyramid_ByPrecinct_T.csv,data_candidate,candidate_include_after_manifest_and_license_review,3355,874cad43c28f9a571d358d326e16d724a89056e7748e298305eb063a30fab219
data/access_outputs/aggregated_scenario_outputs/Archive/03_TOD2/02_Aggregated/TOD2_Pyramid_ByPrecinct_W.csv,data_candidate,candidate_include_after_manifest_and_license_review,3355,f622cd0bc5e43e2c12fa8f803c335d8c01154396b094dc79a82f90a9762df7f1
data/access_outputs/aggregated_scenario_outputs/Archive/03_TOD2/02_Aggregated/TOD2_Uniform_ByPrecinct_A.csv,data_candidate,candidate_include_after_manifest_and_license_review,3336,2575c413444a08082fdd6843303569ee5ca73fb3a653e977c9ae31d9891acb38
data/access_outputs/aggregated_scenario_outputs/Archive/03_TOD2/02_Aggregated/TOD2_Uniform_ByPrecinct_T.csv,data_candidate,candidate_include_after_manifest_and_license_review,3327,4dc54be1dcd9cd27495461a7c53f77ca5feb71bd6619d7a100233d9c972f682e
data/access_outputs/aggregated_scenario_outputs/Archive/03_TOD2/02_Aggregated/TOD2_Uniform_ByPrecinct_W.csv,data_candidate,candidate_include_after_manifest_and_license_review,3325,ac2f07822bb6b48467faeaf6efeb1e44a4149a354c7da68b32b93ddfc3df2c38
data/access_outputs/aggregated_scenario_outputs/Archive/03_TOD2/02_Aggregated/Uniform/A_Uniform_Jobs.csv,data_candidate,candidate_include_after_manifest_and_license_review,876583,4ba9941ad22266885d211b7c220bf966f250cb8f2f17156035ea109142b05cb6
data/access_outputs/aggregated_scenario_outputs/Archive/03_TOD2/02_Aggregated/Uniform/T_Uniform_Jobs.csv,data_candidate,candidate_include_after_manifest_and_license_review,645053,b0d427132ff3938dcad9e7a3afebbcc011aa08ccb1f3e822c73a3acd510e155d
data/access_outputs/aggregated_scenario_outputs/Archive/03_TOD2/02_Aggregated/Uniform/W_Uniform_Jobs.csv,data_candidate,candidate_include_after_manifest_and_license_review,601668,4d351ede4ff0889e786bcfd9552a4cbe4c1b9c5e33bb3c622d36527c9e52cfd4
data/access_outputs/aggregated_scenario_outputs/Archive/03_TOD3/02_Aggregated/Pyramid/A_Pyramid_Jobs.csv,data_candidate,candidate_include_after_manifest_and_license_review,886727,8204e133326ffb95e4d9fb9c89e9c931d7a26e45ec84b9777b5a4472dfbd2c3b
data/access_outputs/aggregated_scenario_outputs/Archive/03_TOD3/02_Aggregated/Pyramid/T_Pyramid_Jobs.csv,data_candidate,candidate_include_after_manifest_and_license_review,653393,2c378d35488dc8484cc4a78f0f3c3bf11073fda3312f10f0316e8cc4cf2312f9
data/access_outputs/aggregated_scenario_outputs/Archive/03_TOD3/02_Aggregated/Pyramid/W_Pyramid_Jobs.csv,data_candidate,candidate_include_after_manifest_and_license_review,609372,7be67a7b46a256389c68dc6d759f9b4a94d3821426ef88338124e4c0daf66534
data/access_outputs/aggregated_scenario_outputs/Archive/03_TOD3/02_Aggregated/TOD3_Pyramid_ByPrecinct_A.csv,data_candidate,candidate_include_after_manifest_and_license_review,3365,cfce76299719ccf93f76df16283f23a0233f2430cb79c96d836961d6f3820fba
data/access_outputs/aggregated_scenario_outputs/Archive/03_TOD3/02_Aggregated/TOD3_Pyramid_ByPrecinct_T.csv,data_candidate,candidate_include_after_manifest_and_license_review,3336,6494d955b6d5b44d4840a2cbbf6be1616c34c1ba73289d5e9d3028db84cab76a
data/access_outputs/aggregated_scenario_outputs/Archive/03_TOD3/02_Aggregated/TOD3_Pyramid_ByPrecinct_W.csv,data_candidate,candidate_include_after_manifest_and_license_review,3337,4b6d2225842c72ac5344bce79f2443c975d5e33f3e4a8887c9b8968417300edc
data/access_outputs/aggregated_scenario_outputs/Archive/03_TOD3/02_Aggregated/TOD3_Uniform_ByPrecinct_A.csv,data_candidate,candidate_include_after_manifest_and_license_review,3362,cef0e6c51de01e410839211087ed62297f4f30373d55927b992a35a375bcabc8
data/access_outputs/aggregated_scenario_outputs/Archive/03_TOD3/02_Aggregated/TOD3_Uniform_ByPrecinct_T.csv,data_candidate,candidate_include_after_manifest_and_license_review,3331,8d40070d5b996efe333253438b91f6d5edd8bdcc6b87fc61d0e211887651d9ae
data/access_outputs/aggregated_scenario_outputs/Archive/03_TOD3/02_Aggregated/TOD3_Uniform_ByPrecinct_W.csv,data_candidate,candidate_include_after_manifest_and_license_review,3334,a8fd27e851a710a1185d9444de3941f16d7cef67156f88283a6a182dcd4c0c42
data/access_outputs/aggregated_scenario_outputs/Archive/03_TOD3/02_Aggregated/Uniform/A_Uniform_Jobs.csv,data_candidate,candidate_include_after_manifest_and_license_review,886960,1e10ab56bfc6880b373fd0aa88c9365f6141f95b7432080404f6056bdf903ab8
data/access_outputs/aggregated_scenario_outputs/Archive/03_TOD3/02_Aggregated/Uniform/T_Uniform_Jobs.csv,data_candidate,candidate_include_after_manifest_and_license_review,653673,5988e1d4ffae89d3464b09b3ac3d45f98f46e72897c007d0c43641451b8077ac
data/access_outputs/aggregated_scenario_outputs/Archive/03_TOD3/02_Aggregated/Uniform/W_Uniform_Jobs.csv,data_candidate,candidate_include_after_manifest_and_license_review,610442,aa2429081d245fee6147679a31487cbe63b3f53e1fe1f5fea4bb158331020d36
data/access_outputs/aggregated_scenario_outputs/Archive/03_TOD4/02_Aggregated/Pyramid/A_Pyramid_Jobs.csv,data_candidate,candidate_include_after_manifest_and_license_review,902669,e6bfb055fbee3fbdb83ee31fdf7f3ad0a38dfbd5f60df21a1b1dd6ce5f709f00
data/access_outputs/aggregated_scenario_outputs/Archive/03_TOD4/02_Aggregated/Pyramid/T_Pyramid_Jobs.csv,data_candidate,candidate_include_after_manifest_and_license_review,665916,a694fbfaeb5d4627c5b97304fb978dab235595c06295beb9a056863b425b5af7
data/access_outputs/aggregated_scenario_outputs/Archive/03_TOD4/02_Aggregated/Pyramid/W_Pyramid_Jobs.csv,data_candidate,candidate_include_after_manifest_and_license_review,620699,c1d78f497f901f477bafa0a6c7e083252592ef531903acd14a529c0fcc6fb9f5
data/access_outputs/aggregated_scenario_outputs/Archive/03_TOD4/02_Aggregated/TOD4_Pyramid_ByPrecinct_A.csv,data_candidate,candidate_include_after_manifest_and_license_review,3311,b1415cfc2fdf41b695092025c551762a05a65702e52f550c1d255671b5fcd827
data/access_outputs/aggregated_scenario_outputs/Archive/03_TOD4/02_Aggregated/TOD4_Pyramid_ByPrecinct_T.csv,data_candidate,candidate_include_after_manifest_and_license_review,3280,69723990b804d2f28ba4826a3d790fa469d048d509b35d64ceac9f9e784025e4
data/access_outputs/aggregated_scenario_outputs/Archive/03_TOD4/02_Aggregated/TOD4_Pyramid_ByPrecinct_W.csv,data_candidate,candidate_include_after_manifest_and_license_review,3288,16bbef2dddc721b223226db801fd1e0b86518852f6d28277d8068de940b894f6
data/access_outputs/aggregated_scenario_outputs/Archive/03_TOD4/02_Aggregated/TOD4_Uniform_ByPrecinct_A.csv,data_candidate,candidate_include_after_manifest_and_license_review,3367,0d29db4bf90d7be3d97da4844b6213e72bc31cd89f45277a87c3e467d166046d
data/access_outputs/aggregated_scenario_outputs/Archive/03_TOD4/02_Aggregated/TOD4_Uniform_ByPrecinct_T.csv,data_candidate,candidate_include_after_manifest_and_license_review,3335,e3eb8d32d463e3f069e10de9c2c14317ac404914edab1ba29e8628a2f2f3deb4
data/access_outputs/aggregated_scenario_outputs/Archive/03_TOD4/02_Aggregated/TOD4_Uniform_ByPrecinct_W.csv,data_candidate,candidate_include_after_manifest_and_license_review,3343,c1b5ac773a96e0adaadb18de81ca20e8afce99554214942fc1c602119b768f47
data/access_outputs/aggregated_scenario_outputs/Archive/03_TOD4/02_Aggregated/Uniform/A_Uniform_Jobs.csv,data_candidate,candidate_include_after_manifest_and_license_review,903187,b72196bb8dbe1ac8c10feabecfaf446fa88b68f32874aa579fe3e66c206e7262
data/access_outputs/aggregated_scenario_outputs/Archive/03_TOD4/02_Aggregated/Uniform/T_Uniform_Jobs.csv,data_candidate,candidate_include_after_manifest_and_license_review,666892,3d3dc40cdf2f2b974f451a9f63318201efb623b27659e8526d78c28c49e3e469
data/access_outputs/aggregated_scenario_outputs/Archive/03_TOD4/02_Aggregated/Uniform/W_Uniform_Jobs.csv,data_candidate,candidate_include_after_manifest_and_license_review,623010,c55a21c26340192cd3ef6b8cbae2afa031af259af1f01c9419760e9b3ca49098
data/access_outputs/paper_cutoff_baseline/Base/01_Auto/Sydney_A30.csv,data_candidate,candidate_include_after_manifest_and_license_review,1126849,87e055bb8f8d2dcaf69797bf140106d374cda5a55077bfef13bf4e3344d6fe41
data/access_outputs/paper_cutoff_baseline/Base/01_Bike/Sydney_B15.csv,data_candidate,candidate_include_after_manifest_and_license_review,1027515,0a83bd4357a76424760de9259a7407a3fe83196052c3c764d0fcb93245badbac
data/access_outputs/paper_cutoff_baseline/Base/01_Transit/Sydney_T30.csv,data_candidate,candidate_include_after_manifest_and_license_review,1041671,447c01cb80bdb78ccea2474bce81488d02ba6810f56f5e2676dc5b3457f12f28
data/access_outputs/paper_cutoff_baseline/Base/01_Walk/Sydney_W15.csv,data_candidate,candidate_include_after_manifest_and_license_review,964446,d1bddf1a25dce2c4612c2432517f62a74e1182701ade02c7d548feefd35f9a22
data/land_use_allocation/Aggregating_CoDesign_Projections.ipynb,data_candidate,candidate_include_after_manifest_and_license_review,45478,1112908c1f65458440fc04bb925b8beedc7188342daee7b73bda77da96b2706c
data/land_use_allocation/CoD_Summary_Comparison.csv,data_candidate,candidate_include_after_manifest_and_license_review,443,d7976666f11dc19d3a7255188615cbab48bed54170509097e4a81b5c5badb12f
data/land_use_allocation/CoDesignTZs_WithLocality.csv,data_candidate,candidate_include_after_manifest_and_license_review,1143747,571e3977b7956924815fba0039b4d646333d5d0c11aa1b64d9de077cb677c213
data/land_use_allocation/CoDesignTZs_WithLocalitySplitAtLGAs.csv,data_candidate,candidate_include_after_manifest_and_license_review,1131619,4addafa2d5edb9a75302d5e09c8023fd728e41cad09507f024f2a5eeaebcbb1d
data/land_use_allocation/CoDesignVsForecastID.xlsx,data_candidate,candidate_include_after_manifest_and_license_review,214396,665beefa8d84a7b2404bca2c427c0901c78c506cd2bde0db378801e65b474388
data/land_use_allocation/CoDesign_Projections/CoDesign_Projections_LGA.csv,data_candidate,candidate_include_after_manifest_and_license_review,5872,86b81f35b2024c82cbe00758ded4ed1f41224b88a5fbeb09d152eb10f9ed34e5
data/land_use_allocation/CoDesign_Projections/CoDesign_Projections_Locality.csv,data_candidate,candidate_include_after_manifest_and_license_review,91752,93962f7ded3417e70ad3d53e7b0d0de3e9bf0228eee0c4ab394e290b6fbaabcd
data/land_use_allocation/CoDesign_Projections/CoDesign_Projections_LocalitySplitAtLGAs.csv,data_candidate,candidate_include_after_manifest_and_license_review,42949,f99834944a425669422ca26e26838bd3e89a776ecd9b09e6ca44535133481ec8
data/land_use_allocation/CoDesign_Projections/CoDesign_Projections_Precinct.csv,data_candidate,candidate_include_after_manifest_and_license_review,11901,038e18202726318d34b93f3d54dfa322aaa49215aab0d52c0e4a66e64a465ceb
data/land_use_allocation/CoDesign_Projections/CoDesign_Projections_SubPrecincts.csv,data_candidate,candidate_include_after_manifest_and_license_review,6311,3543d92a558d0fc647d4d81ba6d75104b84a4e66deab303efcc6c57e978c85fa
data/land_use_allocation/CoDesign_Projections/TZprojections.csv,data_candidate,candidate_include_after_manifest_and_license_review,924707,361cb28a419593e35f3e801d5edefeda6a562181f05c2a9a68c96735d42df5fd
data/land_use_allocation/Combining_CoDesign_And_ForecastID_Projections.ipynb,data_candidate,candidate_include_after_manifest_and_license_review,26869,82dbffaa61145da5ad3eafecd2d3cd76203ac2ab380b80bed3eab2a85ee2ada7
data/land_use_allocation/Concordances_Between_TZ_And_Other_Geographies_2016.zip,data_candidate,candidate_include_after_manifest_and_license_review,1445073,22b704cc3fac4cde49bfc972fdd2dead9026927f4e5fa56e33cf78ada33c554a
data/land_use_allocation/ControlTotals/CoDLiverpoolWestControlTotals.csv,data_candidate,candidate_include_after_manifest_and_license_review,415,7528c0f1a9c0eec3f8c5a83f83b5d94752c38ff4418e99b4b5c7e35f805230e4
data/land_use_allocation/ControlTotals/CoDLiverpoolWestControlTotals.xlsx,data_candidate,candidate_include_after_manifest_and_license_review,17390,6019b71effc719feef93b459e0382da3d95035d4fade12751535fd2637423dae
data/land_use_allocation/ControlTotals/DevelopableLandInPopulationGeographies.csv,data_candidate,candidate_include_after_manifest_and_license_review,3259,5eb304ca3ef2958e16d0d1cb5066f25f2abad7b0c93701ba1d900a92f1bd4e8c
data/land_use_allocation/ControlTotals/EmpInPopGeographies.csv,data_candidate,candidate_include_after_manifest_and_license_review,806968,9a96c33d9a9fe29165ef29cf8d4ca5dd45cd972608ff468bec121688e85b7e9d
data/land_use_allocation/ControlTotals/Employment_CoD.csv,data_candidate,candidate_include_after_manifest_and_license_review,163029,9e88453e4e7e8747bc8be701f6d417cd6b1ad8c57e99dc8ad7f2a0f545e5d507
data/land_use_allocation/ControlTotals/LiverpoolCouncil_Pop_ControlTotals.csv,data_candidate,candidate_include_after_manifest_and_license_review,908,64708cfa62fd50a0029c23860f16dec5788687303362513443d12cd398b332a6
data/land_use_allocation/ControlTotals/Population_Fid_CoD.csv,data_candidate,candidate_include_after_manifest_and_license_review,207611,b6f99e034b20075868e7df01bd0fe3a02547e79a05a043a972beecd7dbc19737
data/land_use_allocation/ControlTotals/TZCentroidsWithinLiverpoolWest.csv,data_candidate,candidate_include_after_manifest_and_license_review,14584,0210e860112bd1e6521f687969ac8fbcf0a98cc9ff055ed545ef4c4ad8f0bc97
data/land_use_allocation/ForecastID_Projections/Liverpool.csv,data_candidate,candidate_include_after_manifest_and_license_review,45245,b44d36ac1d4bcd292a66e4dbd5869a9752d9d7763bc43b05a13e3f04ba32784d
data/land_use_allocation/ForecastID_Projections/Sydney.csv,data_candidate,candidate_include_after_manifest_and_license_review,21359,2dbaa1614a02c3dd9998e6de529be891caf055168018cdf62b5576b49a85e846
data/land_use_allocation/ForecastID_Projections/output/ForecastID_Projections.csv,data_candidate,candidate_include_after_manifest_and_license_review,37513,ed787e0e280469ff2bf1bb6d378ac7def5594e5d1454b9b9bc78f7782a79437a
data/land_use_allocation/ForecastID_Projections/output/ForecastID_Projections_LGA.csv,data_candidate,candidate_include_after_manifest_and_license_review,1795,616f695a0adc8dcbb1628453dd610ff7b548d94edb07ad8ee2609382b5e7e593
data/land_use_allocation/ForecastID_Projections/output/ForecastID_Projections_Locality.csv,data_candidate,candidate_include_after_manifest_and_license_review,35750,63bd7aa8c5d14e8b73e78ff096d87e1c4a228636f956faa48615f545f49cabc4
data/land_use_allocation/ForecastID_Projections/output/combined_csv.csv,data_candidate,candidate_include_after_manifest_and_license_review,744841,d4a3eeaaaf3744e9a0c27f8a7b6d52d5839f7f97d1a90df32eb456ec6f99d7b7
data/land_use_allocation/LocalitiesSplitAtLGAs.csv,data_candidate,candidate_include_after_manifest_and_license_review,300769,624ac9d4fb85927520a07365945f5916dd4f88433ad11760112ea514e9a015a7
data/land_use_allocation/Match Fid geographies with localities split at LGAs.ipynb,data_candidate,candidate_include_after_manifest_and_license_review,29362,996fa7199e85a619896f420133abbb6c2d82a6b22452332dc136018e97b344d2
data/land_use_allocation/RatiosLGA.csv,data_candidate,candidate_include_after_manifest_and_license_review,1433,a6f1aacf9518fc9e322bcdf236e64e9c8e45a45234e0886b251a6fbcf9dc51df
data/land_use_allocation/RatiosLocality.csv,data_candidate,candidate_include_after_manifest_and_license_review,19005,67a1a312317064196d0df39ecbd7b2227d308c06ce840f75017c432cb64da5dd
data/land_use_allocation/ScenarioTotals_AustralRossmoreKempsCreek.xlsx,data_candidate,candidate_include_after_manifest_and_license_review,39058,b95bae65d3c2a6e971d6f0af512c534d2837358c8abd915a2c0ebabc847bea96
data/land_use_allocation/TPA_SPATIAL_TZ_NSW_2016_SHP/TZ_NSW_2016.csv,data_candidate,candidate_include_after_manifest_and_license_review,183066,390eb3c661ab95f51a98ab8e6018b8ffcd8816cee9fd740cb37b8cd589eec890
data/land_use_allocation/TZ densities.ipynb,data_candidate,candidate_include_after_manifest_and_license_review,39413,0bdbcf56c9fe5a62f1ff9f4128b132cdfdf47008db5c0927876a9ff27ee94e12
data/land_use_allocation/TZ_Densities.csv,data_candidate,candidate_include_after_manifest_and_license_review,624330,827eda71f72e34fa1ea363d3fe29c1272b81d39cce73b3b7272d993cc4a6783a
data/land_use_allocation/Tables for report.ipynb,data_candidate,candidate_include_after_manifest_and_license_review,35996,f644bc2d257200ab092eda9955d30c6e10768bd9adc155be331f2ed344b3a416
data/land_use_allocation/combinedLocalityProjections.csv,data_candidate,candidate_include_after_manifest_and_license_review,59310,4549e2dae26dc16d28f9b313a90757f92bf9162e6072291c9f0131c018b0979f
data/scenario_land_use_and_access/land_use_allocation_uniform_pyramid/all/grid.csv,data_candidate,candidate_include_after_manifest_and_license_review,1785285,c3f7317bed15ba625d494b6d6d29ccf9d38d0a5fa3fb98a8bccc714fd13ae2da
data/scenario_land_use_and_access/land_use_allocation_uniform_pyramid/all/tod1.csv,data_candidate,candidate_include_after_manifest_and_license_review,1785926,7dbd06639c53b259494cfbe240cc198bfaa2edfea72edb1a360baf22f716be00
data/scenario_land_use_and_access/land_use_allocation_uniform_pyramid/all/tod2.csv,data_candidate,candidate_include_after_manifest_and_license_review,1789164,c93fb2651738b52fa7945ed53ddff7bb059f747e5bb8668a1ba08018ff21f98b
data/scenario_land_use_and_access/land_use_allocation_uniform_pyramid/all/tod3.csv,data_candidate,candidate_include_after_manifest_and_license_review,1791620,41efcb74816e7d7c6cb377884dd6627bc18cab235f588bc0a0a688c106a5e481
data/scenario_land_use_and_access/land_use_allocation_uniform_pyramid/all/tod4.csv,data_candidate,candidate_include_after_manifest_and_license_review,1794876,18a0d00b0550b950bd88302132b88a65b1f6aa58fac267b3c13716aee42f22bc
data/scenario_land_use_and_access/land_use_allocation_uniform_pyramid/pyramid/Tod1-Pyr-data.csv,data_candidate,candidate_include_after_manifest_and_license_review,8965305,82554e1dfbab4fce8fcc4ead612bd4e58ca879df30533bcbf8104b42c7f0ad01
data/scenario_land_use_and_access/land_use_allocation_uniform_pyramid/pyramid/Tod2-Pyr-data.csv,data_candidate,candidate_include_after_manifest_and_license_review,8973228,508af36052029e797ce64103e51126593ff71e5263b5064640efbec16459af9a
data/scenario_land_use_and_access/land_use_allocation_uniform_pyramid/pyramid/Tod3-Pyr-data.csv,data_candidate,candidate_include_after_manifest_and_license_review,8979051,12c694ca4c05aa4fbdd0c3102419c88f0cc295a5d600b56278faeca476d878b5
data/scenario_land_use_and_access/land_use_allocation_uniform_pyramid/pyramid/Tod4-Pyr-data.csv,data_candidate,candidate_include_after_manifest_and_license_review,8987066,42687978be5d219e4647cd44bee364df31f095f3624c11d2cb3208189e494912
data/scenario_land_use_and_access/land_use_allocation_uniform_pyramid/pyramid/ratio.csv,data_candidate,candidate_include_after_manifest_and_license_review,6539,056a1e0e03c45ee090e5b9402decca68e00d8758235fb08df0d0033994f7c1e6
data/scenario_land_use_and_access/meshblock_access_results/AOD1-new.csv,data_candidate,candidate_include_after_manifest_and_license_review,1202237,525f0efb5d143f21b6e0ac793635700575da81afbf115078bcbdcd5d04438169
data/scenario_land_use_and_access/meshblock_access_results/AOD1.csv,data_candidate,candidate_include_after_manifest_and_license_review,788602,ffd07a50153c9ece9c3061b999a59abb49a9d48ece35c9e5c2d9487f922e05eb
data/scenario_land_use_and_access/meshblock_access_results/AOD4.csv,data_candidate,candidate_include_after_manifest_and_license_review,2190,eb834f6fff6f7a3d2f8c794114481b381ff5387a545501474a2b4eccfd62ea42
data/scenario_land_use_and_access/meshblock_access_results/Grid-centroid-1.csv,data_candidate,candidate_include_after_manifest_and_license_review,678270,d2f4ac98a184bbdb29a91c486d31dc32768588f94db06dea17ae1b3696d555f5
data/scenario_land_use_and_access/meshblock_access_results/Grid-centroid.csv,data_candidate,candidate_include_after_manifest_and_license_review,828586,e4e39898c1d3b46ddf33b07a8c49b4ed9c4d732df001e644779cf8cdc0d0e181
data/scenario_land_use_and_access/meshblock_access_results/base.csv,data_candidate,candidate_include_after_manifest_and_license_review,274,be4d9ac5593299f8efac3bca28588277152a68b9fc99973be45b0837507284bc
data/spatial_inputs/regional_network_and_constraints/Bahman-future_transit_lines.cpg,data_candidate,candidate_include_after_manifest_and_license_review,5,3ad3031f5503a4404af825262ee8232cc04d4ea6683d42c5dd0a2f2a27ac9824
data/spatial_inputs/regional_network_and_constraints/Bahman-future_transit_lines.dbf,data_candidate,candidate_include_after_manifest_and_license_review,1008,3cc40e525d85e8a47ee36a4b1695bb898f46446ae1a5f40656b71463da5102cb
data/spatial_inputs/regional_network_and_constraints/Bahman-future_transit_lines.prj,data_candidate,candidate_include_after_manifest_and_license_review,390,f009dab40641097caee64b98e455328e3bdf1aacfb15c1ed4ecb78ceec16c488
data/spatial_inputs/regional_network_and_constraints/Bahman-future_transit_lines.qpj,data_candidate,candidate_include_after_manifest_and_license_review,599,755758252e682cc46eb1c83e2eadeb54e699d12086148f6d20153ef65c669891
data/spatial_inputs/regional_network_and_constraints/Bahman-future_transit_lines.shp,data_candidate,candidate_include_after_manifest_and_license_review,2276,d5fe47802d0f7bd1171bffda46c253479a8ecfec6cfb49c249256f61699b8467
data/spatial_inputs/regional_network_and_constraints/Bahman-future_transit_lines.shx,data_candidate,candidate_include_after_manifest_and_license_review,180,1c92883b9e8c7551a20ea2ef3eaef88a81c729987a68aeb31e13b757dd7f74c6
data/spatial_inputs/regional_network_and_constraints/Developable_land.cpg,data_candidate,candidate_include_after_manifest_and_license_review,5,3ad3031f5503a4404af825262ee8232cc04d4ea6683d42c5dd0a2f2a27ac9824
data/spatial_inputs/regional_network_and_constraints/Developable_land.dbf,data_candidate,candidate_include_after_manifest_and_license_review,683,c8a85a44bd0b49414afc540bad11748678fae411938cfa5f9b0cb5580e30c8b9
data/spatial_inputs/regional_network_and_constraints/Developable_land.prj,data_candidate,candidate_include_after_manifest_and_license_review,143,98aaf3d1c0ecadf1a424a4536de261c3daf4e373697cb86c40c43b989daf52eb
data/spatial_inputs/regional_network_and_constraints/Developable_land.qpj,data_candidate,candidate_include_after_manifest_and_license_review,257,1de411dcdeedce3219242306fc29bfa1d7fa08883e4ff6779baf798ec50d1657
data/spatial_inputs/regional_network_and_constraints/Developable_land.shp,data_candidate,candidate_include_after_manifest_and_license_review,245276,5fd5e43e3e8319f1aacb1d1085c96c9f7429d2cbf19edaa74ae6bc7d0065e2bd
data/spatial_inputs/regional_network_and_constraints/Developable_land.shx,data_candidate,candidate_include_after_manifest_and_license_review,108,536a355ce032381641e3352d7d2dcf0533ee87e0181618233f5a1b4454c27d49
data/spatial_inputs/regional_network_and_constraints/FutureHighways.cpg,data_candidate,candidate_include_after_manifest_and_license_review,4,db3b9cfda8647b6407a6bca051219c44593a992dcb77050aaa5a6ab28d575a65
data/spatial_inputs/regional_network_and_constraints/FutureHighways.dbf,data_candidate,candidate_include_after_manifest_and_license_review,1593862,dbb2fd39a350d0dee78ac24a2c0117c1757b8ee052125eaaa6e8b9cc7f745b04
data/spatial_inputs/regional_network_and_constraints/FutureHighways.prj,data_candidate,candidate_include_after_manifest_and_license_review,143,98aaf3d1c0ecadf1a424a4536de261c3daf4e373697cb86c40c43b989daf52eb
data/spatial_inputs/regional_network_and_constraints/FutureHighways.qpj,data_candidate,candidate_include_after_manifest_and_license_review,257,1de411dcdeedce3219242306fc29bfa1d7fa08883e4ff6779baf798ec50d1657
data/spatial_inputs/regional_network_and_constraints/FutureHighways.shp,data_candidate,candidate_include_after_manifest_and_license_review,134724,27635aa4e58f2b0b1baa67440fe6e04d4805b77f2c49276804ffd4206b221ad5
data/spatial_inputs/regional_network_and_constraints/FutureHighways.shx,data_candidate,candidate_include_after_manifest_and_license_review,6340,66b1f93a043e8a4cfcdc42af41dbbb73f9b69d4cacfb566d7092bf9d69dbbc93
data/spatial_inputs/regional_network_and_constraints/Grid-scenario-Liverpool.cpg,data_candidate,candidate_include_after_manifest_and_license_review,4,db3b9cfda8647b6407a6bca051219c44593a992dcb77050aaa5a6ab28d575a65
data/spatial_inputs/regional_network_and_constraints/Grid-scenario-Liverpool.dbf,data_candidate,candidate_include_after_manifest_and_license_review,1801760,be69b957c85883f15d747c7f32bd17102599953bf9055c1c01c8720220872f25
data/spatial_inputs/regional_network_and_constraints/Grid-scenario-Liverpool.prj,data_candidate,candidate_include_after_manifest_and_license_review,143,98aaf3d1c0ecadf1a424a4536de261c3daf4e373697cb86c40c43b989daf52eb
data/spatial_inputs/regional_network_and_constraints/Grid-scenario-Liverpool.qpj,data_candidate,candidate_include_after_manifest_and_license_review,257,1de411dcdeedce3219242306fc29bfa1d7fa08883e4ff6779baf798ec50d1657
data/spatial_inputs/regional_network_and_constraints/Grid-scenario-Liverpool.shp,data_candidate,candidate_include_after_manifest_and_license_review,1355124,ef0aa43c2bb1da588c5b7aa22e4ec0cc4bba2c261e8ed721c7c8a56278ac1ece
data/spatial_inputs/regional_network_and_constraints/Grid-scenario-Liverpool.shx,data_candidate,candidate_include_after_manifest_and_license_review,123284,5e80721a3384c4fa901918052eeb1f09ce613e7cd1f0ac174b9ad76fb02fcd02
data/spatial_inputs/regional_network_and_constraints/Liverpoorl_LGA.cpg,data_candidate,candidate_include_after_manifest_and_license_review,5,3ad3031f5503a4404af825262ee8232cc04d4ea6683d42c5dd0a2f2a27ac9824
data/spatial_inputs/regional_network_and_constraints/Liverpoorl_LGA.dbf,data_candidate,candidate_include_after_manifest_and_license_review,640,2e0b99277d90006cc6edaeb421a44d8c52ec7eb4bdbf98297b3b59cfd36ce1a4
data/spatial_inputs/regional_network_and_constraints/Liverpoorl_LGA.prj,data_candidate,candidate_include_after_manifest_and_license_review,143,98aaf3d1c0ecadf1a424a4536de261c3daf4e373697cb86c40c43b989daf52eb
data/spatial_inputs/regional_network_and_constraints/Liverpoorl_LGA.qpj,data_candidate,candidate_include_after_manifest_and_license_review,257,1de411dcdeedce3219242306fc29bfa1d7fa08883e4ff6779baf798ec50d1657
data/spatial_inputs/regional_network_and_constraints/Liverpoorl_LGA.shp,data_candidate,candidate_include_after_manifest_and_license_review,111292,bfad2c3639c53ea938f4d3e44ce7adedb915421b812930f8d1e214346cbd017b
data/spatial_inputs/regional_network_and_constraints/Liverpoorl_LGA.shx,data_candidate,candidate_include_after_manifest_and_license_review,108,c5c9374f3d9110dc8068470b537cfd72b7f1afdb3adb61ab45314059331f6778
data/spatial_inputs/regional_network_and_constraints/WEstern_Sydney_Parklands.cpg,data_candidate,candidate_include_after_manifest_and_license_review,5,3ad3031f5503a4404af825262ee8232cc04d4ea6683d42c5dd0a2f2a27ac9824
data/spatial_inputs/regional_network_and_constraints/WEstern_Sydney_Parklands.dbf,data_candidate,candidate_include_after_manifest_and_license_review,1395,8972dea3a52baca974a26f50cad112b862549a3083fb0c5a312e95dbab923350
data/spatial_inputs/regional_network_and_constraints/WEstern_Sydney_Parklands.prj,data_candidate,candidate_include_after_manifest_and_license_review,393,d0731c9cda80a797ee1a460124ffdd6ab2c87a1f375433b1caef21078bd80a7e
data/spatial_inputs/regional_network_and_constraints/WEstern_Sydney_Parklands.qpj,data_candidate,candidate_include_after_manifest_and_license_review,654,1491c6001263e76fdbc4de2a55f76168d97cbf243457da954371e79dbdbc7121
data/spatial_inputs/regional_network_and_constraints/WEstern_Sydney_Parklands.shp,data_candidate,candidate_include_after_manifest_and_license_review,19360,85fa00ba486d5017eb95031b56facaac0c9967b7f16239b63009bac34d35eaae
data/spatial_inputs/regional_network_and_constraints/WEstern_Sydney_Parklands.shx,data_candidate,candidate_include_after_manifest_and_license_review,108,545e623925a41a700f5f686e80fe981dd215696b4180b816eef07ebb9e5a0e92
data/spatial_inputs/regional_network_and_constraints/Western_Sydney_International_Airport.cpg,data_candidate,candidate_include_after_manifest_and_license_review,5,3ad3031f5503a4404af825262ee8232cc04d4ea6683d42c5dd0a2f2a27ac9824
data/spatial_inputs/regional_network_and_constraints/Western_Sydney_International_Airport.dbf,data_candidate,candidate_include_after_manifest_and_license_review,1235,34adfa35b9d07ff2729be72260eb3e6f0a5104970d1bffa3b4e7aee464cc1067
data/spatial_inputs/regional_network_and_constraints/Western_Sydney_International_Airport.prj,data_candidate,candidate_include_after_manifest_and_license_review,393,d0731c9cda80a797ee1a460124ffdd6ab2c87a1f375433b1caef21078bd80a7e
data/spatial_inputs/regional_network_and_constraints/Western_Sydney_International_Airport.qpj,data_candidate,candidate_include_after_manifest_and_license_review,654,1491c6001263e76fdbc4de2a55f76168d97cbf243457da954371e79dbdbc7121
data/spatial_inputs/regional_network_and_constraints/Western_Sydney_International_Airport.shp,data_candidate,candidate_include_after_manifest_and_license_review,12036,cdb20bd169bc28418883713d23aa90ec3cd1e350d94b5af1b1ad37b7b54119bd
data/spatial_inputs/regional_network_and_constraints/Western_Sydney_International_Airport.shx,data_candidate,candidate_include_after_manifest_and_license_review,108,b0854670394fd4715de9b369f81ac7a85ce993672ae262a5674bbe07a44cb075
data/spatial_inputs/superblock_geometries/10th-Superblock.cpg,data_candidate,candidate_include_after_manifest_and_license_review,4,db3b9cfda8647b6407a6bca051219c44593a992dcb77050aaa5a6ab28d575a65
data/spatial_inputs/superblock_geometries/10th-Superblock.dbf,data_candidate,candidate_include_after_manifest_and_license_review,374310,985c9df28d9f1e1ef858b6990831527175e24c3df228d652943c0a7c33cd3e44
data/spatial_inputs/superblock_geometries/10th-Superblock.prj,data_candidate,candidate_include_after_manifest_and_license_review,143,98aaf3d1c0ecadf1a424a4536de261c3daf4e373697cb86c40c43b989daf52eb
data/spatial_inputs/superblock_geometries/10th-Superblock.qpj,data_candidate,candidate_include_after_manifest_and_license_review,257,1de411dcdeedce3219242306fc29bfa1d7fa08883e4ff6779baf798ec50d1657
data/spatial_inputs/superblock_geometries/10th-Superblock.shp,data_candidate,candidate_include_after_manifest_and_license_review,35140,b100942680f819c4d47b942c172c092df5c9a9593adf526a46efc4047c2b589e
data/spatial_inputs/superblock_geometries/10th-Superblock.shx,data_candidate,candidate_include_after_manifest_and_license_review,2436,05354df121f5bb6d4945436512a286b92c7cc806015f56a4ff346289847e2fe4
data/spatial_inputs/superblock_geometries/11th-Superblock.cpg,data_candidate,candidate_include_after_manifest_and_license_review,4,db3b9cfda8647b6407a6bca051219c44593a992dcb77050aaa5a6ab28d575a65
data/spatial_inputs/superblock_geometries/11th-Superblock.dbf,data_candidate,candidate_include_after_manifest_and_license_review,374310,2f1826035ce97306a62638d59ccb69a46b57da458e46ddf348edc0f73b06c0c6
data/spatial_inputs/superblock_geometries/11th-Superblock.prj,data_candidate,candidate_include_after_manifest_and_license_review,143,98aaf3d1c0ecadf1a424a4536de261c3daf4e373697cb86c40c43b989daf52eb
data/spatial_inputs/superblock_geometries/11th-Superblock.qpj,data_candidate,candidate_include_after_manifest_and_license_review,257,1de411dcdeedce3219242306fc29bfa1d7fa08883e4ff6779baf798ec50d1657
data/spatial_inputs/superblock_geometries/11th-Superblock.shp,data_candidate,candidate_include_after_manifest_and_license_review,35140,282991151cbb33b4ede7cdfe997895ce6719ccc7e098691c562a35fe5f5c3f45
data/spatial_inputs/superblock_geometries/11th-Superblock.shx,data_candidate,candidate_include_after_manifest_and_license_review,2436,fe070dee1c156c18cdea7e03d81c19aa8e80664bdc0df93107c1285bbc175ddc
data/spatial_inputs/superblock_geometries/12th-Superblock.cpg,data_candidate,candidate_include_after_manifest_and_license_review,4,db3b9cfda8647b6407a6bca051219c44593a992dcb77050aaa5a6ab28d575a65
data/spatial_inputs/superblock_geometries/12th-Superblock.dbf,data_candidate,candidate_include_after_manifest_and_license_review,374310,985c9df28d9f1e1ef858b6990831527175e24c3df228d652943c0a7c33cd3e44
data/spatial_inputs/superblock_geometries/12th-Superblock.prj,data_candidate,candidate_include_after_manifest_and_license_review,143,98aaf3d1c0ecadf1a424a4536de261c3daf4e373697cb86c40c43b989daf52eb
data/spatial_inputs/superblock_geometries/12th-Superblock.qpj,data_candidate,candidate_include_after_manifest_and_license_review,257,1de411dcdeedce3219242306fc29bfa1d7fa08883e4ff6779baf798ec50d1657
data/spatial_inputs/superblock_geometries/12th-Superblock.shp,data_candidate,candidate_include_after_manifest_and_license_review,35140,619646ee54e677cd13a03be02467913e0af73f453594b33c84422447fced62a8
data/spatial_inputs/superblock_geometries/12th-Superblock.shx,data_candidate,candidate_include_after_manifest_and_license_review,2436,81452903a27a1ae3531d1a2a611cb186abdf91d7d67600a63a1e02a5944afb21
data/spatial_inputs/superblock_geometries/13th-Superblock.cpg,data_candidate,candidate_include_after_manifest_and_license_review,4,db3b9cfda8647b6407a6bca051219c44593a992dcb77050aaa5a6ab28d575a65
data/spatial_inputs/superblock_geometries/13th-Superblock.dbf,data_candidate,candidate_include_after_manifest_and_license_review,640758,a230db1b2212045c4ffac4ca38b69b4bd62b0fc38ee04b5e8b715e7ce398e256
data/spatial_inputs/superblock_geometries/13th-Superblock.prj,data_candidate,candidate_include_after_manifest_and_license_review,143,98aaf3d1c0ecadf1a424a4536de261c3daf4e373697cb86c40c43b989daf52eb
data/spatial_inputs/superblock_geometries/13th-Superblock.qpj,data_candidate,candidate_include_after_manifest_and_license_review,257,1de411dcdeedce3219242306fc29bfa1d7fa08883e4ff6779baf798ec50d1657
data/spatial_inputs/superblock_geometries/13th-Superblock.shp,data_candidate,candidate_include_after_manifest_and_license_review,60100,c34756db6a6368e20cd6ede84a9095e828b6fbbf0a67f8f726c55ae4728f14e2
data/spatial_inputs/superblock_geometries/13th-Superblock.shx,data_candidate,candidate_include_after_manifest_and_license_review,4100,468f8b7a340888a8d5dabc5a84323e023fbb7bdda6fd9fdc441bb11fde3d81ab
data/spatial_inputs/superblock_geometries/14th-Superblock.cpg,data_candidate,candidate_include_after_manifest_and_license_review,4,db3b9cfda8647b6407a6bca051219c44593a992dcb77050aaa5a6ab28d575a65
data/spatial_inputs/superblock_geometries/14th-Superblock.dbf,data_candidate,candidate_include_after_manifest_and_license_review,374310,985c9df28d9f1e1ef858b6990831527175e24c3df228d652943c0a7c33cd3e44
data/spatial_inputs/superblock_geometries/14th-Superblock.prj,data_candidate,candidate_include_after_manifest_and_license_review,143,98aaf3d1c0ecadf1a424a4536de261c3daf4e373697cb86c40c43b989daf52eb
data/spatial_inputs/superblock_geometries/14th-Superblock.qpj,data_candidate,candidate_include_after_manifest_and_license_review,257,1de411dcdeedce3219242306fc29bfa1d7fa08883e4ff6779baf798ec50d1657
data/spatial_inputs/superblock_geometries/14th-Superblock.shp,data_candidate,candidate_include_after_manifest_and_license_review,35140,5f1d02c87e28f4761590798ca652c5fe3724e3107289144ca3746bd932b977f5
data/spatial_inputs/superblock_geometries/14th-Superblock.shx,data_candidate,candidate_include_after_manifest_and_license_review,2436,bb66c8a2ce0d187c7eb4aa8f7a1c355e599cd724352a5f9003ab64634f9c9af6
data/spatial_inputs/superblock_geometries/15th-Superblock.cpg,data_candidate,candidate_include_after_manifest_and_license_review,4,db3b9cfda8647b6407a6bca051219c44593a992dcb77050aaa5a6ab28d575a65
data/spatial_inputs/superblock_geometries/15th-Superblock.dbf,data_candidate,candidate_include_after_manifest_and_license_review,374310,985c9df28d9f1e1ef858b6990831527175e24c3df228d652943c0a7c33cd3e44
data/spatial_inputs/superblock_geometries/15th-Superblock.prj,data_candidate,candidate_include_after_manifest_and_license_review,143,98aaf3d1c0ecadf1a424a4536de261c3daf4e373697cb86c40c43b989daf52eb
data/spatial_inputs/superblock_geometries/15th-Superblock.qpj,data_candidate,candidate_include_after_manifest_and_license_review,257,1de411dcdeedce3219242306fc29bfa1d7fa08883e4ff6779baf798ec50d1657
data/spatial_inputs/superblock_geometries/15th-Superblock.shp,data_candidate,candidate_include_after_manifest_and_license_review,35140,903ddf410ff38efbadefbeae3206d132de1d89140772d879c044a72f7d4b81da
data/spatial_inputs/superblock_geometries/15th-Superblock.shx,data_candidate,candidate_include_after_manifest_and_license_review,2436,f447d6488430ca9fc2bfe1b087ae411bb48ae2b80872c02fdffaa500aa5667f9
data/spatial_inputs/superblock_geometries/16th-Superblock.cpg,data_candidate,candidate_include_after_manifest_and_license_review,4,db3b9cfda8647b6407a6bca051219c44593a992dcb77050aaa5a6ab28d575a65
data/spatial_inputs/superblock_geometries/16th-Superblock.dbf,data_candidate,candidate_include_after_manifest_and_license_review,60465,f8c6a72c58656d14c536899e2a5fd28e9a04c43e409c68b9b363176b9b483ed0
data/spatial_inputs/superblock_geometries/16th-Superblock.prj,data_candidate,candidate_include_after_manifest_and_license_review,143,98aaf3d1c0ecadf1a424a4536de261c3daf4e373697cb86c40c43b989daf52eb
data/spatial_inputs/superblock_geometries/16th-Superblock.qpj,data_candidate,candidate_include_after_manifest_and_license_review,257,1de411dcdeedce3219242306fc29bfa1d7fa08883e4ff6779baf798ec50d1657
data/spatial_inputs/superblock_geometries/16th-Superblock.shp,data_candidate,candidate_include_after_manifest_and_license_review,5916,8a059c81426378f21210a4c9c794e678d1210f5cff1acfbe7884c0d1abd3ac94
data/spatial_inputs/superblock_geometries/16th-Superblock.shx,data_candidate,candidate_include_after_manifest_and_license_review,476,4eb7a694ad1c1e6364eab20f1d4f0dadc2a3270ddefaefd10d49abbff8cb66ae
data/spatial_inputs/superblock_geometries/17th-Superblock.cpg,data_candidate,candidate_include_after_manifest_and_license_review,4,db3b9cfda8647b6407a6bca051219c44593a992dcb77050aaa5a6ab28d575a65
data/spatial_inputs/superblock_geometries/17th-Superblock.dbf,data_candidate,candidate_include_after_manifest_and_license_review,374310,744f526d4c0fd342d77cd6d1465519f719075e695c7f53e087167fccec7cd37e
data/spatial_inputs/superblock_geometries/17th-Superblock.prj,data_candidate,candidate_include_after_manifest_and_license_review,143,98aaf3d1c0ecadf1a424a4536de261c3daf4e373697cb86c40c43b989daf52eb
data/spatial_inputs/superblock_geometries/17th-Superblock.qpj,data_candidate,candidate_include_after_manifest_and_license_review,257,1de411dcdeedce3219242306fc29bfa1d7fa08883e4ff6779baf798ec50d1657
data/spatial_inputs/superblock_geometries/17th-Superblock.shp,data_candidate,candidate_include_after_manifest_and_license_review,35140,86a27918164741cc20381b1c4eb0dc86f307cc5679f04116da793a1fc5d76847
data/spatial_inputs/superblock_geometries/17th-Superblock.shx,data_candidate,candidate_include_after_manifest_and_license_review,2436,3c055ee7c750f730d589dbd3724d82e1a22d06fcbf58ea4545b50d90fa93f459
data/spatial_inputs/superblock_geometries/1TODs_precinct.cpg,data_candidate,candidate_include_after_manifest_and_license_review,4,db3b9cfda8647b6407a6bca051219c44593a992dcb77050aaa5a6ab28d575a65
data/spatial_inputs/superblock_geometries/1TODs_precinct.dbf,data_candidate,candidate_include_after_manifest_and_license_review,2621184,efa2974f3b874f725e0a53d796b7111d0e62468010070b59927c6dc8bd93dc13
data/spatial_inputs/superblock_geometries/1TODs_precinct.prj,data_candidate,candidate_include_after_manifest_and_license_review,143,98aaf3d1c0ecadf1a424a4536de261c3daf4e373697cb86c40c43b989daf52eb
data/spatial_inputs/superblock_geometries/1TODs_precinct.qpj,data_candidate,candidate_include_after_manifest_and_license_review,257,1de411dcdeedce3219242306fc29bfa1d7fa08883e4ff6779baf798ec50d1657
data/spatial_inputs/superblock_geometries/1TODs_precinct.shp,data_candidate,candidate_include_after_manifest_and_license_review,249388,121d2126315974d7597e30728983ca0acb93bcb7144964312be26f0217512d0a
data/spatial_inputs/superblock_geometries/1TODs_precinct.shx,data_candidate,candidate_include_after_manifest_and_license_review,16468,2757acb926e89e10590c4d959b98bc01051f418c24698218bdf34d1fcf1c652f
data/spatial_inputs/superblock_geometries/1st-Superblock.cpg,data_candidate,candidate_include_after_manifest_and_license_review,5,3ad3031f5503a4404af825262ee8232cc04d4ea6683d42c5dd0a2f2a27ac9824
data/spatial_inputs/superblock_geometries/1st-Superblock.dbf,data_candidate,candidate_include_after_manifest_and_license_review,374310,c021e499a80845d7b567f811bbf784678997c72f9444b302c43f3527da53dfce
data/spatial_inputs/superblock_geometries/1st-Superblock.prj,data_candidate,candidate_include_after_manifest_and_license_review,143,98aaf3d1c0ecadf1a424a4536de261c3daf4e373697cb86c40c43b989daf52eb
data/spatial_inputs/superblock_geometries/1st-Superblock.qpj,data_candidate,candidate_include_after_manifest_and_license_review,257,1de411dcdeedce3219242306fc29bfa1d7fa08883e4ff6779baf798ec50d1657
data/spatial_inputs/superblock_geometries/1st-Superblock.shp,data_candidate,candidate_include_after_manifest_and_license_review,35140,1c56d1c3e39e6109b0ea2b72a7f656ce79bc1bdfb27610f1efeaa45919f07251
data/spatial_inputs/superblock_geometries/1st-Superblock.shx,data_candidate,candidate_include_after_manifest_and_license_review,2436,8315e1097d86d9d80641b78fad73e8d63421f4fe013b4ce067d815b8faa8dbb0
data/spatial_inputs/superblock_geometries/2TODs_precinct.cpg,data_candidate,candidate_include_after_manifest_and_license_review,4,db3b9cfda8647b6407a6bca051219c44593a992dcb77050aaa5a6ab28d575a65
data/spatial_inputs/superblock_geometries/2TODs_precinct.dbf,data_candidate,candidate_include_after_manifest_and_license_review,3678009,e1b1416827de813e36bd6338adf10ed67c1595d355fb3af0028a099382814d81
data/spatial_inputs/superblock_geometries/2TODs_precinct.prj,data_candidate,candidate_include_after_manifest_and_license_review,143,98aaf3d1c0ecadf1a424a4536de261c3daf4e373697cb86c40c43b989daf52eb
data/spatial_inputs/superblock_geometries/2TODs_precinct.qpj,data_candidate,candidate_include_after_manifest_and_license_review,257,1de411dcdeedce3219242306fc29bfa1d7fa08883e4ff6779baf798ec50d1657
data/spatial_inputs/superblock_geometries/2TODs_precinct.shp,data_candidate,candidate_include_after_manifest_and_license_review,347404,a9007de8ea0c298918fea29fa1dcea2d18a4da9ae7987911f5fbff4292f66f37
data/spatial_inputs/superblock_geometries/2TODs_precinct.shx,data_candidate,candidate_include_after_manifest_and_license_review,23068,d8f1d7b6ee0dceaf9463b001f186b40fe8b8f92a4197cfba40e1807d2cf43b4e
data/spatial_inputs/superblock_geometries/2nd-Superblock.cpg,data_candidate,candidate_include_after_manifest_and_license_review,5,3ad3031f5503a4404af825262ee8232cc04d4ea6683d42c5dd0a2f2a27ac9824
data/spatial_inputs/superblock_geometries/2nd-Superblock.dbf,data_candidate,candidate_include_after_manifest_and_license_review,374310,2f1826035ce97306a62638d59ccb69a46b57da458e46ddf348edc0f73b06c0c6
data/spatial_inputs/superblock_geometries/2nd-Superblock.prj,data_candidate,candidate_include_after_manifest_and_license_review,143,98aaf3d1c0ecadf1a424a4536de261c3daf4e373697cb86c40c43b989daf52eb
data/spatial_inputs/superblock_geometries/2nd-Superblock.qpj,data_candidate,candidate_include_after_manifest_and_license_review,257,1de411dcdeedce3219242306fc29bfa1d7fa08883e4ff6779baf798ec50d1657
data/spatial_inputs/superblock_geometries/2nd-Superblock.shp,data_candidate,candidate_include_after_manifest_and_license_review,35140,6835a4e1dee06bc00ca07ae0519333124a3f3622a2a333f13476128aff88c15f
data/spatial_inputs/superblock_geometries/2nd-Superblock.shx,data_candidate,candidate_include_after_manifest_and_license_review,2436,5954c78f9322a9e98db101913fbd22533583b42ea7b8a533e890b094b0a1d03f
data/spatial_inputs/superblock_geometries/3TODs_precinct.cpg,data_candidate,candidate_include_after_manifest_and_license_review,4,db3b9cfda8647b6407a6bca051219c44593a992dcb77050aaa5a6ab28d575a65
data/spatial_inputs/superblock_geometries/3TODs_precinct.dbf,data_candidate,candidate_include_after_manifest_and_license_review,4774545,9e97bd9a1156e6e0994b2f6f092e810a2f9166b99ee801e04d8b7694db4f5e83
data/spatial_inputs/superblock_geometries/3TODs_precinct.prj,data_candidate,candidate_include_after_manifest_and_license_review,143,98aaf3d1c0ecadf1a424a4536de261c3daf4e373697cb86c40c43b989daf52eb
data/spatial_inputs/superblock_geometries/3TODs_precinct.qpj,data_candidate,candidate_include_after_manifest_and_license_review,257,1de411dcdeedce3219242306fc29bfa1d7fa08883e4ff6779baf798ec50d1657
data/spatial_inputs/superblock_geometries/3TODs_precinct.shp,data_candidate,candidate_include_after_manifest_and_license_review,450124,ba06be6f099be08de97510aef995314842611520513e96a31fce66521eaae19e
data/spatial_inputs/superblock_geometries/3TODs_precinct.shx,data_candidate,candidate_include_after_manifest_and_license_review,29916,7139ba3272efe76b4417cac58dd92423b794b163a09ee5892ea9b6630b9ccd60
data/spatial_inputs/superblock_geometries/3rd-Superblock.cpg,data_candidate,candidate_include_after_manifest_and_license_review,5,3ad3031f5503a4404af825262ee8232cc04d4ea6683d42c5dd0a2f2a27ac9824
data/spatial_inputs/superblock_geometries/3rd-Superblock.dbf,data_candidate,candidate_include_after_manifest_and_license_review,374310,2f1826035ce97306a62638d59ccb69a46b57da458e46ddf348edc0f73b06c0c6
data/spatial_inputs/superblock_geometries/3rd-Superblock.prj,data_candidate,candidate_include_after_manifest_and_license_review,143,98aaf3d1c0ecadf1a424a4536de261c3daf4e373697cb86c40c43b989daf52eb
data/spatial_inputs/superblock_geometries/3rd-Superblock.qpj,data_candidate,candidate_include_after_manifest_and_license_review,257,1de411dcdeedce3219242306fc29bfa1d7fa08883e4ff6779baf798ec50d1657
data/spatial_inputs/superblock_geometries/3rd-Superblock.shp,data_candidate,candidate_include_after_manifest_and_license_review,35140,ee5de6b6f69362294b0232cd5807eedec58503680c6fa6b51c038d41a09e1479
data/spatial_inputs/superblock_geometries/3rd-Superblock.shx,data_candidate,candidate_include_after_manifest_and_license_review,2436,84d5ca5af619f3fa9351a0cf85cd73a185f4a96694b46fbb6604eb1b766cfc12
data/spatial_inputs/superblock_geometries/4TODs_precinct.cpg,data_candidate,candidate_include_after_manifest_and_license_review,4,db3b9cfda8647b6407a6bca051219c44593a992dcb77050aaa5a6ab28d575a65
data/spatial_inputs/superblock_geometries/4TODs_precinct.dbf,data_candidate,candidate_include_after_manifest_and_license_review,5883891,46c0c9a89d1a9b3e16c3f95f8d059356b86cc10f2224908fa276f27cd9610bd3
data/spatial_inputs/superblock_geometries/4TODs_precinct.prj,data_candidate,candidate_include_after_manifest_and_license_review,143,98aaf3d1c0ecadf1a424a4536de261c3daf4e373697cb86c40c43b989daf52eb
data/spatial_inputs/superblock_geometries/4TODs_precinct.qpj,data_candidate,candidate_include_after_manifest_and_license_review,257,1de411dcdeedce3219242306fc29bfa1d7fa08883e4ff6779baf798ec50d1657
data/spatial_inputs/superblock_geometries/4TODs_precinct.shp,data_candidate,candidate_include_after_manifest_and_license_review,554044,71180df0495f1117b21e5880ae5c2adb37155e66b786228b841bbb28a23330c2
data/spatial_inputs/superblock_geometries/4TODs_precinct.shx,data_candidate,candidate_include_after_manifest_and_license_review,36844,e7eb3a82cee313f2919edbe354752bda88ef9612a9240115a8fe2c5300ae9d0c
data/spatial_inputs/superblock_geometries/4th-Superblock.cpg,data_candidate,candidate_include_after_manifest_and_license_review,5,3ad3031f5503a4404af825262ee8232cc04d4ea6683d42c5dd0a2f2a27ac9824
data/spatial_inputs/superblock_geometries/4th-Superblock.dbf,data_candidate,candidate_include_after_manifest_and_license_review,374310,2f1826035ce97306a62638d59ccb69a46b57da458e46ddf348edc0f73b06c0c6
data/spatial_inputs/superblock_geometries/4th-Superblock.prj,data_candidate,candidate_include_after_manifest_and_license_review,143,98aaf3d1c0ecadf1a424a4536de261c3daf4e373697cb86c40c43b989daf52eb
data/spatial_inputs/superblock_geometries/4th-Superblock.qpj,data_candidate,candidate_include_after_manifest_and_license_review,257,1de411dcdeedce3219242306fc29bfa1d7fa08883e4ff6779baf798ec50d1657
data/spatial_inputs/superblock_geometries/4th-Superblock.shp,data_candidate,candidate_include_after_manifest_and_license_review,35140,5631488414fa7bcf342c0a6990c6509bf0fcfb26d2c5dd1944986909bf8a3cfa
data/spatial_inputs/superblock_geometries/4th-Superblock.shx,data_candidate,candidate_include_after_manifest_and_license_review,2436,603838220285cbfae288917596719ab31638d31c950be207ba4095103d2440a3
data/spatial_inputs/superblock_geometries/5th-Superblock.cpg,data_candidate,candidate_include_after_manifest_and_license_review,5,3ad3031f5503a4404af825262ee8232cc04d4ea6683d42c5dd0a2f2a27ac9824
data/spatial_inputs/superblock_geometries/5th-Superblock.dbf,data_candidate,candidate_include_after_manifest_and_license_review,374310,2f1826035ce97306a62638d59ccb69a46b57da458e46ddf348edc0f73b06c0c6
data/spatial_inputs/superblock_geometries/5th-Superblock.prj,data_candidate,candidate_include_after_manifest_and_license_review,143,98aaf3d1c0ecadf1a424a4536de261c3daf4e373697cb86c40c43b989daf52eb
data/spatial_inputs/superblock_geometries/5th-Superblock.qpj,data_candidate,candidate_include_after_manifest_and_license_review,257,1de411dcdeedce3219242306fc29bfa1d7fa08883e4ff6779baf798ec50d1657
data/spatial_inputs/superblock_geometries/5th-Superblock.shp,data_candidate,candidate_include_after_manifest_and_license_review,35140,af1bd319d8b8fd4b7fd5f0d0cfc5cac99996943b0ca4da7c2a3c5a8bf1d7fc93
data/spatial_inputs/superblock_geometries/5th-Superblock.shx,data_candidate,candidate_include_after_manifest_and_license_review,2436,e0ddf7fa41abebd18901450b783a0be9342764ffa5fdec320ec5de724560de26
data/spatial_inputs/superblock_geometries/6th-Superblock.cpg,data_candidate,candidate_include_after_manifest_and_license_review,5,3ad3031f5503a4404af825262ee8232cc04d4ea6683d42c5dd0a2f2a27ac9824
data/spatial_inputs/superblock_geometries/6th-Superblock.dbf,data_candidate,candidate_include_after_manifest_and_license_review,374310,2f1826035ce97306a62638d59ccb69a46b57da458e46ddf348edc0f73b06c0c6
data/spatial_inputs/superblock_geometries/6th-Superblock.prj,data_candidate,candidate_include_after_manifest_and_license_review,143,98aaf3d1c0ecadf1a424a4536de261c3daf4e373697cb86c40c43b989daf52eb
data/spatial_inputs/superblock_geometries/6th-Superblock.qpj,data_candidate,candidate_include_after_manifest_and_license_review,257,1de411dcdeedce3219242306fc29bfa1d7fa08883e4ff6779baf798ec50d1657
data/spatial_inputs/superblock_geometries/6th-Superblock.shp,data_candidate,candidate_include_after_manifest_and_license_review,35140,25346ad29f7fcbf0cae81cd3a406c18d6cb489828fd7ea6a236e7e76df000142
data/spatial_inputs/superblock_geometries/6th-Superblock.shx,data_candidate,candidate_include_after_manifest_and_license_review,2436,7d53fbb8233801b5ea6a5c7b970665a4b7359bd3565b03ba786899e3979d3743
data/spatial_inputs/superblock_geometries/7th-Superblock.cpg,data_candidate,candidate_include_after_manifest_and_license_review,5,3ad3031f5503a4404af825262ee8232cc04d4ea6683d42c5dd0a2f2a27ac9824
data/spatial_inputs/superblock_geometries/7th-Superblock.dbf,data_candidate,candidate_include_after_manifest_and_license_review,374310,2f1826035ce97306a62638d59ccb69a46b57da458e46ddf348edc0f73b06c0c6
data/spatial_inputs/superblock_geometries/7th-Superblock.prj,data_candidate,candidate_include_after_manifest_and_license_review,143,98aaf3d1c0ecadf1a424a4536de261c3daf4e373697cb86c40c43b989daf52eb
data/spatial_inputs/superblock_geometries/7th-Superblock.qpj,data_candidate,candidate_include_after_manifest_and_license_review,257,1de411dcdeedce3219242306fc29bfa1d7fa08883e4ff6779baf798ec50d1657
data/spatial_inputs/superblock_geometries/7th-Superblock.shp,data_candidate,candidate_include_after_manifest_and_license_review,35140,50f883ebf38c59567a580f13c85ff46f38d42f14d384bad398a84dbf781b41a5
data/spatial_inputs/superblock_geometries/7th-Superblock.shx,data_candidate,candidate_include_after_manifest_and_license_review,2436,01314ea48a521c05819cec64e65f4e045a7cfebb35cf7ccfc5cfb0692d4016ef
data/spatial_inputs/superblock_geometries/8th-Superblock.cpg,data_candidate,candidate_include_after_manifest_and_license_review,5,3ad3031f5503a4404af825262ee8232cc04d4ea6683d42c5dd0a2f2a27ac9824
data/spatial_inputs/superblock_geometries/8th-Superblock.dbf,data_candidate,candidate_include_after_manifest_and_license_review,374310,2f1826035ce97306a62638d59ccb69a46b57da458e46ddf348edc0f73b06c0c6
data/spatial_inputs/superblock_geometries/8th-Superblock.prj,data_candidate,candidate_include_after_manifest_and_license_review,143,98aaf3d1c0ecadf1a424a4536de261c3daf4e373697cb86c40c43b989daf52eb
data/spatial_inputs/superblock_geometries/8th-Superblock.qpj,data_candidate,candidate_include_after_manifest_and_license_review,257,1de411dcdeedce3219242306fc29bfa1d7fa08883e4ff6779baf798ec50d1657
data/spatial_inputs/superblock_geometries/8th-Superblock.shp,data_candidate,candidate_include_after_manifest_and_license_review,35140,c60f641740ee8bc565622521b6a157f24e0639684c11470bbf43f767220176b9
data/spatial_inputs/superblock_geometries/8th-Superblock.shx,data_candidate,candidate_include_after_manifest_and_license_review,2436,931402dd6a46583aadddd7c2f54204ccf5ac681e51349ad43af4932d54d4b72b
data/spatial_inputs/superblock_geometries/9th-Superblock.cpg,data_candidate,candidate_include_after_manifest_and_license_review,5,3ad3031f5503a4404af825262ee8232cc04d4ea6683d42c5dd0a2f2a27ac9824
data/spatial_inputs/superblock_geometries/9th-Superblock.dbf,data_candidate,candidate_include_after_manifest_and_license_review,374310,2f1826035ce97306a62638d59ccb69a46b57da458e46ddf348edc0f73b06c0c6
data/spatial_inputs/superblock_geometries/9th-Superblock.prj,data_candidate,candidate_include_after_manifest_and_license_review,143,98aaf3d1c0ecadf1a424a4536de261c3daf4e373697cb86c40c43b989daf52eb
data/spatial_inputs/superblock_geometries/9th-Superblock.qpj,data_candidate,candidate_include_after_manifest_and_license_review,257,1de411dcdeedce3219242306fc29bfa1d7fa08883e4ff6779baf798ec50d1657
data/spatial_inputs/superblock_geometries/9th-Superblock.shp,data_candidate,candidate_include_after_manifest_and_license_review,35140,d8ebe94d14e40bfb9894a6fd26d317f121d15aed67c640ca4cfae9ef73eb06cf
data/spatial_inputs/superblock_geometries/9th-Superblock.shx,data_candidate,candidate_include_after_manifest_and_license_review,2436,0260170467388e89a9f57900f3a0233b4e2f3e62db767e815e3320677a690ee6
data/spatial_inputs/superblock_geometries/Grid-scenario-Liverpool.cpg,data_candidate,candidate_include_after_manifest_and_license_review,4,db3b9cfda8647b6407a6bca051219c44593a992dcb77050aaa5a6ab28d575a65
data/spatial_inputs/superblock_geometries/Grid-scenario-Liverpool.dbf,data_candidate,candidate_include_after_manifest_and_license_review,2101631,019b1e8c5b349e63b601bc454b9790929bba0603171a5c14ae2e3757df371cfa
data/spatial_inputs/superblock_geometries/Grid-scenario-Liverpool.prj,data_candidate,candidate_include_after_manifest_and_license_review,143,98aaf3d1c0ecadf1a424a4536de261c3daf4e373697cb86c40c43b989daf52eb
data/spatial_inputs/superblock_geometries/Grid-scenario-Liverpool.qpj,data_candidate,candidate_include_after_manifest_and_license_review,257,1de411dcdeedce3219242306fc29bfa1d7fa08883e4ff6779baf798ec50d1657
data/spatial_inputs/superblock_geometries/Grid-scenario-Liverpool.shp,data_candidate,candidate_include_after_manifest_and_license_review,1580668,f30dd46270925b9067feed65d55dea8931d95f26fb9f862a20f9cefa51a5e333
data/spatial_inputs/superblock_geometries/Grid-scenario-Liverpool.shx,data_candidate,candidate_include_after_manifest_and_license_review,143788,3e95088f33bcbe6dbb61a758797955ebcd6fffe0d1db08728139c7928f623647
data/spatial_inputs/superblock_geometries/Grid-scenario.cpg,data_candidate,candidate_include_after_manifest_and_license_review,4,db3b9cfda8647b6407a6bca051219c44593a992dcb77050aaa5a6ab28d575a65
data/spatial_inputs/superblock_geometries/Grid-scenario.dbf,data_candidate,candidate_include_after_manifest_and_license_review,2097536,77e5dd4849dea2c90ce13647bade56dd941584b9d4eb5c28c963a8a5f13add82
data/spatial_inputs/superblock_geometries/Grid-scenario.prj,data_candidate,candidate_include_after_manifest_and_license_review,143,98aaf3d1c0ecadf1a424a4536de261c3daf4e373697cb86c40c43b989daf52eb
data/spatial_inputs/superblock_geometries/Grid-scenario.qpj,data_candidate,candidate_include_after_manifest_and_license_review,257,1de411dcdeedce3219242306fc29bfa1d7fa08883e4ff6779baf798ec50d1657
data/spatial_inputs/superblock_geometries/Grid-scenario.shp,data_candidate,candidate_include_after_manifest_and_license_review,1577588,2158e2f5cc032d330cbe5f8a4e469bfe3a2262a1422f820e7ec297c7642f277d
data/spatial_inputs/superblock_geometries/Grid-scenario.shx,data_candidate,candidate_include_after_manifest_and_license_review,143508,73a4c06d714f9fd9aa9a99936b1394da5346427d4bb8ec32d10b863f56b8bbcb
data/spatial_inputs/superblock_geometries/Superblock.cpg,data_candidate,candidate_include_after_manifest_and_license_review,5,3ad3031f5503a4404af825262ee8232cc04d4ea6683d42c5dd0a2f2a27ac9824
data/spatial_inputs/superblock_geometries/Superblock.dbf,data_candidate,candidate_include_after_manifest_and_license_review,75434,64dfe37c2c9253dbcad44c3c1767adf2ebc17e5d5bca7d78b605977a2c619114
data/spatial_inputs/superblock_geometries/Superblock.prj,data_candidate,candidate_include_after_manifest_and_license_review,143,98aaf3d1c0ecadf1a424a4536de261c3daf4e373697cb86c40c43b989daf52eb
data/spatial_inputs/superblock_geometries/Superblock.qpj,data_candidate,candidate_include_after_manifest_and_license_review,257,1de411dcdeedce3219242306fc29bfa1d7fa08883e4ff6779baf798ec50d1657
data/spatial_inputs/superblock_geometries/Superblock.shp,data_candidate,candidate_include_after_manifest_and_license_review,35140,bc8786b5e70b80a54c434da36eb9ef6fb8ea1b82ad2611d1a4137e6edf707c1a
data/spatial_inputs/superblock_geometries/Superblock.shx,data_candidate,candidate_include_after_manifest_and_license_review,2436,9f2429e79dd06f7eee4b537125f9655eee1e72aab1351b34330cee04099df9b3
data/spatial_inputs/superblock_geometries/Superblocks.cpg,data_candidate,candidate_include_after_manifest_and_license_review,5,3ad3031f5503a4404af825262ee8232cc04d4ea6683d42c5dd0a2f2a27ac9824
data/spatial_inputs/superblock_geometries/Superblocks.dbf,data_candidate,candidate_include_after_manifest_and_license_review,3740778,bd2fc315a1a8731d0f5a9fa163a1db47b795bdd4c9401399dd7dcd7d9ce3ceb0
data/spatial_inputs/superblock_geometries/Superblocks.prj,data_candidate,candidate_include_after_manifest_and_license_review,143,98aaf3d1c0ecadf1a424a4536de261c3daf4e373697cb86c40c43b989daf52eb
data/spatial_inputs/superblock_geometries/Superblocks.qpj,data_candidate,candidate_include_after_manifest_and_license_review,257,1de411dcdeedce3219242306fc29bfa1d7fa08883e4ff6779baf798ec50d1657
data/spatial_inputs/superblock_geometries/Superblocks.shp,data_candidate,candidate_include_after_manifest_and_license_review,350500,bf603cca0d69fddded6d00089513fc52a6a9a0e3bd98879b79a896013ed4830f
data/spatial_inputs/superblock_geometries/Superblocks.shx,data_candidate,candidate_include_after_manifest_and_license_review,23460,4b4084a0a8d6ed4bc8605c3e5f0ca3c331ed97aebbe5debd85d5c8bfa97eb4fd
data/spatial_inputs/superblock_geometries/grid.cpg,data_candidate,candidate_include_after_manifest_and_license_review,4,db3b9cfda8647b6407a6bca051219c44593a992dcb77050aaa5a6ab28d575a65
data/spatial_inputs/superblock_geometries/grid.dbf,data_candidate,candidate_include_after_manifest_and_license_review,1549742,52153d84d876fd17db42ac58ffbed5626a5ea7ad4ccb0fad02b7fb96b9ae4b5d
data/spatial_inputs/superblock_geometries/grid.prj,data_candidate,candidate_include_after_manifest_and_license_review,143,98aaf3d1c0ecadf1a424a4536de261c3daf4e373697cb86c40c43b989daf52eb
data/spatial_inputs/superblock_geometries/grid.qpj,data_candidate,candidate_include_after_manifest_and_license_review,257,1de411dcdeedce3219242306fc29bfa1d7fa08883e4ff6779baf798ec50d1657
data/spatial_inputs/superblock_geometries/grid.shp,data_candidate,candidate_include_after_manifest_and_license_review,1801284,f5e12af8dadab0f310ee7f33c8596a03beba2ddb9ae60e1ec7b8d5a51081335d
data/spatial_inputs/superblock_geometries/grid.shx,data_candidate,candidate_include_after_manifest_and_license_review,106052,53862a26e685efa5dceac34d85f2c069c8b2301647c32cf3c64c4a4ccad94726
data/spatial_inputs/superblock_geometries/grid2.cpg,data_candidate,candidate_include_after_manifest_and_license_review,4,db3b9cfda8647b6407a6bca051219c44593a992dcb77050aaa5a6ab28d575a65
data/spatial_inputs/superblock_geometries/grid2.dbf,data_candidate,candidate_include_after_manifest_and_license_review,1608125,3c7d99feb0e863e916f3a0693c7a168b7f2a694f7dea9042340aca53a034fd6e
data/spatial_inputs/superblock_geometries/grid2.prj,data_candidate,candidate_include_after_manifest_and_license_review,143,98aaf3d1c0ecadf1a424a4536de261c3daf4e373697cb86c40c43b989daf52eb
data/spatial_inputs/superblock_geometries/grid2.qpj,data_candidate,candidate_include_after_manifest_and_license_review,257,1de411dcdeedce3219242306fc29bfa1d7fa08883e4ff6779baf798ec50d1657
data/spatial_inputs/superblock_geometries/grid2.shp,data_candidate,candidate_include_after_manifest_and_license_review,1869148,8f65815fe0fa0c410190a0cb3c31051e52f8ec62f70f0059de69ba809eb6fa29
data/spatial_inputs/superblock_geometries/grid2.shx,data_candidate,candidate_include_after_manifest_and_license_review,110044,ea88a115d526802353148da6afc0a36574c55f84eb05968dc0a2fffe714e2e9e
data/spatial_inputs/superblock_geometries/grid3.cpg,data_candidate,candidate_include_after_manifest_and_license_review,4,db3b9cfda8647b6407a6bca051219c44593a992dcb77050aaa5a6ab28d575a65
data/spatial_inputs/superblock_geometries/grid3.dbf,data_candidate,candidate_include_after_manifest_and_license_review,1545881,262ff3f4b1d575cf7786f7a45d0654598e8f10bc076229b66dcdde829377ce8c
data/spatial_inputs/superblock_geometries/grid3.prj,data_candidate,candidate_include_after_manifest_and_license_review,143,98aaf3d1c0ecadf1a424a4536de261c3daf4e373697cb86c40c43b989daf52eb
data/spatial_inputs/superblock_geometries/grid3.qpj,data_candidate,candidate_include_after_manifest_and_license_review,257,1de411dcdeedce3219242306fc29bfa1d7fa08883e4ff6779baf798ec50d1657
data/spatial_inputs/superblock_geometries/grid3.shp,data_candidate,candidate_include_after_manifest_and_license_review,1796796,366594ba294f01ce4941020923289042b78b7c5a31284ae8783215b65e8fa59e
data/spatial_inputs/superblock_geometries/grid3.shx,data_candidate,candidate_include_after_manifest_and_license_review,105788,5227d958357694ae1ba651e17ac5a3439017322ccbb12ba67109ea09fecc38a4
data/spatial_inputs/superblock_geometries/grid4.cpg,data_candidate,candidate_include_after_manifest_and_license_review,4,db3b9cfda8647b6407a6bca051219c44593a992dcb77050aaa5a6ab28d575a65
data/spatial_inputs/superblock_geometries/grid4.dbf,data_candidate,candidate_include_after_manifest_and_license_review,1428296,8d6711118ba7aedc84a2e1182de02e1460edf127c7467dfb18a38b51f6930b41
data/spatial_inputs/superblock_geometries/grid4.prj,data_candidate,candidate_include_after_manifest_and_license_review,143,98aaf3d1c0ecadf1a424a4536de261c3daf4e373697cb86c40c43b989daf52eb
data/spatial_inputs/superblock_geometries/grid4.qpj,data_candidate,candidate_include_after_manifest_and_license_review,257,1de411dcdeedce3219242306fc29bfa1d7fa08883e4ff6779baf798ec50d1657
data/spatial_inputs/superblock_geometries/grid4.shp,data_candidate,candidate_include_after_manifest_and_license_review,1660116,8c3fde68b883bfccc8bd7c2938bb07a66d91e2013f1f96731407546bd6ad03c3
data/spatial_inputs/superblock_geometries/grid4.shx,data_candidate,candidate_include_after_manifest_and_license_review,97748,530cd43714dfde3b55fd1d3bae5a2c845fb78db46800b158d0eb20c724dd93b6
data/spatial_inputs/superblock_geometries/road-network.cpg,data_candidate,candidate_include_after_manifest_and_license_review,5,3ad3031f5503a4404af825262ee8232cc04d4ea6683d42c5dd0a2f2a27ac9824
data/spatial_inputs/superblock_geometries/road-network.dbf,data_candidate,candidate_include_after_manifest_and_license_review,28864,7b48dbf96cb4b7f0da166ace72d8b2dfb3a99334a5fd732912ab1ac60d17e059
data/spatial_inputs/superblock_geometries/road-network.prj,data_candidate,candidate_include_after_manifest_and_license_review,143,98aaf3d1c0ecadf1a424a4536de261c3daf4e373697cb86c40c43b989daf52eb
data/spatial_inputs/superblock_geometries/road-network.qpj,data_candidate,candidate_include_after_manifest_and_license_review,257,1de411dcdeedce3219242306fc29bfa1d7fa08883e4ff6779baf798ec50d1657
data/spatial_inputs/superblock_geometries/road-network.shp,data_candidate,candidate_include_after_manifest_and_license_review,2180,5ab4b76d321e4cf2e1a845f46496d267ce2f87a0914a2202212d5483166a8e08
data/spatial_inputs/superblock_geometries/road-network.shx,data_candidate,candidate_include_after_manifest_and_license_review,180,b43de082bd6e203d80f60899655a0b9f22110dd55850c3bf79aa0b62ed39a5d2
documentation/READY_LAYOUT_RELOCATION.md,documentation,supporting_documentation,473,c45c555d777245f8cdcbe04846d7a140988584103edc379c212dd4e8703ab712
metadata/READY_LAYOUT_RELOCATION_MANIFEST.csv,documentation,supporting_documentation,1576,0bc20a2cb086a3d23f94028e913f0e0b9d90ef8fbab87cb201a192747885eb70
paper/1-s2.0-S2590198221002402-main.pdf,paper_reference,reference_only_do_not_public_upload_without_rights,9467735,1061efd4bdcc3c4987a2f735519fd101e4f3bd66cdf951469403799c803febff
paper/README.md,paper_reference,reference_only_do_not_public_upload_without_rights,592,08f6cc0a29b2bbe149338afa94e77f60be06ff87cfc57abf760e8212ca834848
